<?xml version="1.0" encoding="UTF-8" standalone="yes"?>
<manifest>
  <control namespace="CustomControl" constructor="GetXYControl" version="1.0.10" display-name-key="GetXYControl" description-key="GetXYControl description" control-type="standard" api-version="1.3.5">
    <external-service-usage enabled="false"/>
    <type-group name="numbers">
      <type>Whole.None</type>
      <type>Currency</type>
      <type>FP</type>
      <type>Decimal</type>
    </type-group>
    <property name="offsetX" display-name-key="offsetX Value" description-key="offsetX Value" of-type-group="numbers" usage="bound" required="true"/>
    <property name="offsetY" display-name-key="offsetY Value" description-key="offsetY Value" of-type-group="numbers" usage="bound" required="true"/>
    <property name="display" display-name-key="display Value (Transparent or not)" description-key="display Value (Transparent or not)" of-type="TwoOptions" usage="bound" required="true"/>
    <property name="mode" display-name-key="mode Value (click or drag)" description-key="mode Value (click or drag)" of-type="Enum" usage="bound" required="true">
      <value name="click" display-name-key="click">0</value>
      <value name="drag" display-name-key="drag">1</value>
    </property>
    <property name="dragging" display-name-key="dragging Value (only in drag mode)" description-key="dragging Value (only in drag mode)" of-type="TwoOptions" usage="bound" required="true"/>
    <property name="updateInterval" display-name-key="updateInterval Value. 101 or higher (only in drag mode)" description-key="updateInterval Value. 101 or higher (only in drag mode)" of-type-group="numbers" usage="bound" required="true"/>
    <resources>
      <code path="bundle.js" order="1"/>
      <css path="css/GetXYControl.css" order="1"/>
    </resources>
    <built-by name="pac" version="1.22.2"/>
  </control>
</manifest>