<?xml version="1.0" encoding="UTF-8" standalone="yes"?>
<manifest>
  <control namespace="CustomControl" constructor="GetXYControl" version="0.0.1" display-name-key="GetXYControl" description-key="GetXYControl description" control-type="standard" api-version="1.3.5">
    <external-service-usage enabled="false"/>
    <type-group name="numbers">
      <type>Whole.None</type>
      <type>Currency</type>
      <type>FP</type>
      <type>Decimal</type>
    </type-group>
    <property name="offsetX" display-name-key="offsetX Value" description-key="offsetX Value" of-type-group="numbers" usage="bound" required="true"/>
    <property name="offsetY" display-name-key="offsetY Value" description-key="offsetY Value" of-type-group="numbers" usage="bound" required="true"/>
    <property name="display" display-name-key="display Value" description-key="display Value" of-type="TwoOptions" usage="bound" required="true"/>
    <resources>
      <code path="bundle.js" order="1"/>
      <css path="css/GetXYControl.css" order="1"/>
    </resources>
    <built-by name="pac" version="1.22.2"/>
  </control>
</manifest>